{
"product":[
    {
        "id":"1",
        "image":"./Assets/phone1.png",
        "name":"pixcel 5",
        "dollar":"$499", 
        "title":"smart powerful helful",
        "views":"(1.2k)",
        "product":"view product",
        "button":"Buy Now",
        "detail":[
            {
               "color":[{"blue":"blue"}],
               "display":"16.56 cm (6.52 inch),1600 x 720 Pixels,16.7M,60 Hz Refresh Rate, Aspect Ratio",
               "Demention & weight":"2G GSM: 850/900/1800/1900 MHz, 3G WCDMA: 850/900/2100MHz, 4G FDD-LTE: Bands 1/3/5/8, 4G TD-LTE: Bands 38/40/41（2535-2655MHz）",
               "Battery & Charging":"5000 mAh,fast charging,24 hours life",
               "Memory":"4GB",
               "Storage":"128GB",
               "processor":"Unisoc T612,Octa Core"
            }
        ]
    },
    {
        "id":"2",
        "image":"./Assets/phone2.png",
        "name":"pixcel 6",
        "dollar":"$699", 
        "title":"smart",
        "views":"(1.2k)",
        "product":"view product",
        "button":"Buy Now",
        "detail":[
            {
               "color":[{"blue":"blue"}],
               "display":"16.59 cm (6.53 inch),1600 x 720 Pixels,16.7M,60 Hz Refresh Rate, Aspect Ratio",
               "Demention & weight":"2G GSM: 850/900/1800/1900 MHz, 3G WCDMA: 850/900/2100MHz, 4G FDD-LTE: Bands 1/3/5/8, 4G TD-LTE: Bands 38/40/41（2535-2655MHz）",
               "Battery & Charging":"45000 mAh,fast charging,28 hours life",
               "Memory":"6GB",
               "Storage":"128GB",
               "processor":"Unisoc T612,Octa Core"
            }
        ]
    }, {
        "id":"3",
        "image":"./Assets/mobile-98.png",
        "name":"pixcel 6 pro",
        "dollar":"$699", 
        "title":"powerful smart",
        "views":"(1.2k)",
        "product":"view product",
        "button":"Buy Now",
        "detail":[
            {
               "color":[{"color":"black"}],
               "display":"18.56 cm (6.52 inch),1600 x 720 Pixels,16.7M,60 Hz Refresh Rate, Aspect Ratio",
               "Demention & weight":"2G GSM: 850/900/1800/1900 MHz, 3G WCDMA: 850/900/2100MHz, 4G FDD-LTE: Bands 1/3/5/8, 4G TD-LTE: Bands 38/40/41（2535-2655MHz）",
               "Battery & Charging":"4000 mAh,fast charging,24 hours life",
               "Memory":"8GB",
               "Storage":"128GB",
               "processor":"Unisoc T612,Octa Core"
            }
            
        ]
    }
    , {
        "id":"3",
        "image":"./Assets/mobile-98.png",
        "name":"pixcel 6 pro",
        "dollar":"$699", 
        "title":"powerful smart",
        "views":"(1.2k)",
        "product":"view product",
        "button":"Buy Now",
        "detail":[
            {
               "color":[{"color":"black"}],
               "display":"18.56 cm (6.52 inch),1600 x 720 Pixels,16.7M,60 Hz Refresh Rate, Aspect Ratio",
               "Demention & weight":"2G GSM: 850/900/1800/1900 MHz, 3G WCDMA: 850/900/2100MHz, 4G FDD-LTE: Bands 1/3/5/8, 4G TD-LTE: Bands 38/40/41（2535-2655MHz）",
               "Battery & Charging":"4000 mAh,fast charging,24 hours life",
               "Memory":"8GB",
               "Storage":"128GB",
               "processor":"Unisoc T612,Octa Core"
            }
            
        ]
    }, {
        "id":"3",
        "image":"./Assets/mobile-98.png",
        "name":"pixcel 6 pro",
        "dollar":"$699", 
        "title":"powerful smart",
        "views":"(1.2k)",
        "product":"view product",
        "button":"Buy Now",
        "detail":[
            {
               "color":"coblue",
               "display":"18.56 cm (6.52 inch),1600 x 720 Pixels,16.7M,60 Hz Refresh Rate, Aspect Ratio",
               "Demention & weight":"2G GSM: 850/900/1800/1900 MHz, 3G WCDMA: 850/900/2100MHz, 4G FDD-LTE: Bands 1/3/5/8, 4G TD-LTE: Bands 38/40/41（2535-2655MHz）",
               "Battery & Charging":"4000 mAh,fast charging,24 hours life",
               "Memory":"8GB",
               "Storage":"128GB",
               "processor":"Unisoc T612,Octa Core"
            }
            
        ]
    }
   
]
}